{"cameraMode":{"drawMode":0,"name":"Shaded","section":"Shading Mode"},"sceneLighting":false,"audioPlay":false,"sceneViewState":{"showFog":true,"showMaterialUpdate":false,"showSkybox":false,"showFlares":true,"showImageEffects":true,"showParticleSystems":true},"in2DMode":false,"pivot":{"x":-254.6671142578125,"y":-167.5238037109375,"z":376.75982666015627},"rotation":{"x":-0.1524832844734192,"y":0.796155571937561,"z":-0.22447064518928529,"w":-0.5408303141593933},"size":1698.798583984375,"orthographic":false}